exchange,exchange_token,trading_symbol,groww_symbol,name,instrument_type,segment,series,isin,underlying_symbol,underlying_exchange_token,expiry_date,strike_price,lot_size,tick_size,freeze_quantity,is_reserved,buy_allowed,sell_allowed,internal_trading_symbol,is_intraday
NSE,44612,NIFTY26O1322500CE,NSE-NIFTY-13Oct26-22500-CE,,CE,FNO,,,NIFTY,26000,2026-10-13,22500,65,0.05,3511,0,1,1,NIFTY26O1322500CE,0
NSE,44613,NIFTY26O1322500PE,NSE-NIFTY-13Oct26-22500-PE,,PE,FNO,,,NIFTY,26000,2026-10-13,22500,65,0.05,3511,0,1,1,NIFTY26O1322500PE,0
NSE,44614,NIFTY26O1322550CE,NSE-NIFTY-13Oct26-22550-CE,,CE,FNO,,,NIFTY,26000,2026-10-13,22550,65,0.05,3511,0,1,1,NIFTY26O1322550CE,0
NSE,44615,NIFTY26O1322550PE,NSE-NIFTY-13Oct26-22550-PE,,PE,FNO,,,NIFTY,26000,2026-10-13,22550,65,0.05,3511,0,1,1,NIFTY26O1322550PE,0
NSE,44616,NIFTY26O1322600CE,NSE-NIFTY-13Oct26-22600-CE,,CE,FNO,,,NIFTY,26000,2026-10-13,22600,65,0.05,3511,0,1,1,NIFTY26O1322600CE,0
NSE,44617,NIFTY26O1322600PE,NSE-NIFTY-13Oct26-22600-PE,,PE,FNO,,,NIFTY,26000,2026-10-13,22600,65,0.05,3511,0,1,1,NIFTY26O1322600PE,0
NSE,44618,NIFTY26O1322650CE,NSE-NIFTY-13Oct26-22650-CE,,CE,FNO,,,NIFTY,26000,2026-10-13,22650,65,0.05,3511,0,1,1,NIFTY26O1322650CE,0
NSE,44619,NIFTY26O1322650PE,NSE-NIFTY-13Oct26-22650-PE,,PE,FNO,,,NIFTY,26000,2026-10-13,22650,65,0.05,3511,0,1,1,NIFTY26O1322650PE,0
NSE,44620,NIFTY26O1322700CE,NSE-NIFTY-13Oct26-22700-CE,,CE,FNO,,,NIFTY,26000,2026-10-13,22700,65,0.05,3511,0,1,1,NIFTY26O1322700CE,0
NSE,44621,NIFTY26O1322700PE,NSE-NIFTY-13Oct26-22700-PE,,PE,FNO,,,NIFTY,26000,2026-10-13,22700,65,0.05,3511,0,1,1,NIFTY26O1322700PE,0
NSE,47133,NIFTY26O1922500CE,NSE-NIFTY-19Oct26-22500-CE,,CE,FNO,,,NIFTY,26000,2026-10-19,22500,65,0.05,3511,0,1,1,NIFTY26O1922500CE,0
NSE,47136,NIFTY26O1922500PE,NSE-NIFTY-19Oct26-22500-PE,,PE,FNO,,,NIFTY,26000,2026-10-19,22500,65,0.05,3511,0,1,1,NIFTY26O1922500PE,0
NSE,47137,NIFTY26O1922550CE,NSE-NIFTY-19Oct26-22550-CE,,CE,FNO,,,NIFTY,26000,2026-10-19,22550,65,0.05,3511,0,1,1,NIFTY26O1922550CE,0
NSE,47138,NIFTY26O1922550PE,NSE-NIFTY-19Oct26-22550-PE,,PE,FNO,,,NIFTY,26000,2026-10-19,22550,65,0.05,3511,0,1,1,NIFTY26O1922550PE,0
NSE,47139,NIFTY26O1922600CE,NSE-NIFTY-19Oct26-22600-CE,,CE,FNO,,,NIFTY,26000,2026-10-19,22600,65,0.05,3511,0,1,1,NIFTY26O1922600CE,0
NSE,47140,NIFTY26O1922600PE,NSE-NIFTY-19Oct26-22600-PE,,PE,FNO,,,NIFTY,26000,2026-10-19,22600,65,0.05,3511,0,1,1,NIFTY26O1922600PE,0
NSE,47141,NIFTY26O1922650CE,NSE-NIFTY-19Oct26-22650-CE,,CE,FNO,,,NIFTY,26000,2026-10-19,22650,65,0.05,3511,0,1,1,NIFTY26O1922650CE,0
NSE,47142,NIFTY26O1922650PE,NSE-NIFTY-19Oct26-22650-PE,,PE,FNO,,,NIFTY,26000,2026-10-19,22650,65,0.05,3511,0,1,1,NIFTY26O1922650PE,0
NSE,47143,NIFTY26O1922700CE,NSE-NIFTY-19Oct26-22700-CE,,CE,FNO,,,NIFTY,26000,2026-10-19,22700,65,0.05,3511,0,1,1,NIFTY26O1922700CE,0
NSE,47144,NIFTY26O1922700PE,NSE-NIFTY-19Oct26-22700-PE,,PE,FNO,,,NIFTY,26000,2026-10-19,22700,65,0.05,3511,0,1,1,NIFTY26O1922700PE,0
BSE,889128,SENSEX26O0872400CE,BSE-SENSEX-08Oct26-72400-CE,,CE,FNO,,,SENSEX,1,2026-10-08,72400,20,0.05,1001,0,1,1,SENSEX26O0872400CE,0
BSE,889261,SENSEX26O0872400PE,BSE-SENSEX-08Oct26-72400-PE,,PE,FNO,,,SENSEX,1,2026-10-08,72400,20,0.05,1001,0,1,1,SENSEX26O0872400PE,0
BSE,889331,SENSEX26O0872500CE,BSE-SENSEX-08Oct26-72500-CE,,CE,FNO,,,SENSEX,1,2026-10-08,72500,20,0.05,1001,0,1,1,SENSEX26O0872500CE,0
BSE,889112,SENSEX26O0872500PE,BSE-SENSEX-08Oct26-72500-PE,,PE,FNO,,,SENSEX,1,2026-10-08,72500,20,0.05,1001,0,1,1,SENSEX26O0872500PE,0
BSE,889159,SENSEX26O0872600CE,BSE-SENSEX-08Oct26-72600-CE,,CE,FNO,,,SENSEX,1,2026-10-08,72600,20,0.05,1001,0,1,1,SENSEX26O0872600CE,0
BSE,889307,SENSEX26O0872600PE,BSE-SENSEX-08Oct26-72600-PE,,PE,FNO,,,SENSEX,1,2026-10-08,72600,20,0.05,1001,0,1,1,SENSEX26O0872600PE,0
BSE,889027,SENSEX26O0872700CE,BSE-SENSEX-08Oct26-72700-CE,,CE,FNO,,,SENSEX,1,2026-10-08,72700,20,0.05,1001,0,1,1,SENSEX26O0872700CE,0
BSE,889144,SENSEX26O0872700PE,BSE-SENSEX-08Oct26-72700-PE,,PE,FNO,,,SENSEX,1,2026-10-08,72700,20,0.05,1001,0,1,1,SENSEX26O0872700PE,0
BSE,889201,SENSEX26O0872800CE,BSE-SENSEX-08Oct26-72800-CE,,CE,FNO,,,SENSEX,1,2026-10-08,72800,20,0.05,1001,0,1,1,SENSEX26O0872800CE,0
BSE,889350,SENSEX26O0872800PE,BSE-SENSEX-08Oct26-72800-PE,,PE,FNO,,,SENSEX,1,2026-10-08,72800,20,0.05,1001,0,1,1,SENSEX26O0872800PE,0
BSE,1101447,SENSEX26O1572400CE,BSE-SENSEX-15Oct26-72400-CE,,CE,FNO,,,SENSEX,1,2026-10-15,72400,20,0.05,1001,0,1,1,SENSEX26O1572400CE,0
BSE,1104799,SENSEX26O1572400PE,BSE-SENSEX-15Oct26-72400-PE,,PE,FNO,,,SENSEX,1,2026-10-15,72400,20,0.05,1001,0,1,1,SENSEX26O1572400PE,0
BSE,1114892,SENSEX26O1572500CE,BSE-SENSEX-15Oct26-72500-CE,,CE,FNO,,,SENSEX,1,2026-10-15,72500,20,0.05,1001,0,1,1,SENSEX26O1572500CE,0
BSE,1101010,SENSEX26O1572500PE,BSE-SENSEX-15Oct26-72500-PE,,PE,FNO,,,SENSEX,1,2026-10-15,72500,20,0.05,1001,0,1,1,SENSEX26O1572500PE,0
BSE,1102197,SENSEX26O1572600CE,BSE-SENSEX-15Oct26-72600-CE,,CE,FNO,,,SENSEX,1,2026-10-15,72600,20,0.05,1001,0,1,1,SENSEX26O1572600CE,0
BSE,1105602,SENSEX26O1572600PE,BSE-SENSEX-15Oct26-72600-PE,,PE,FNO,,,SENSEX,1,2026-10-15,72600,20,0.05,1001,0,1,1,SENSEX26O1572600PE,0
BSE,1115616,SENSEX26O1572700CE,BSE-SENSEX-15Oct26-72700-CE,,CE,FNO,,,SENSEX,1,2026-10-15,72700,20,0.05,1001,0,1,1,SENSEX26O1572700CE,0
BSE,1101755,SENSEX26O1572700PE,BSE-SENSEX-15Oct26-72700-PE,,PE,FNO,,,SENSEX,1,2026-10-15,72700,20,0.05,1001,0,1,1,SENSEX26O1572700PE,0
BSE,1103150,SENSEX26O1572800CE,BSE-SENSEX-15Oct26-72800-CE,,CE,FNO,,,SENSEX,1,2026-10-15,72800,20,0.05,1001,0,1,1,SENSEX26O1572800CE,0
BSE,1106670,SENSEX26O1572800PE,BSE-SENSEX-15Oct26-72800-PE,,PE,FNO,,,SENSEX,1,2026-10-15,72800,20,0.05,1001,0,1,1,SENSEX26O1572800PE,0
NSE,51334,NIFTY26OCT22600CE,NSE-NIFTY-27Oct26-22600-CE,,CE,FNO,,,NIFTY,26000,2026-10-27,22600,65,0.05,3511,0,1,1,NIFTY26OCT22600CE,0
BSE,863181,SENSEX26OCT72600PE,BSE-SENSEX-29Oct26-72600-PE,,PE,FNO,,,SENSEX,1,2026-10-29,72600,20,0.05,1001,0,1,1,SENSEX26OCT72600PE,0
NSE,48704,NIFTY26OCTFUT,NSE-NIFTY-27Oct26-FUT,,FUT,FNO,,,NIFTY,26000,2026-10-27,-0.01,65,0.1,3511,0,1,1,NIFTY26OCTFUT,0
NSE,NIFTY,NIFTY,NSE-NIFTY,NIFTY 50,IDX,CASH,,NIFTY,,,,,,,,,0,0,,0
NSE,49172,BANKNIFTY26OCT44500CE,NSE-BANKNIFTY-27Oct26-44500-CE,,CE,FNO,,,BANKNIFTY,26009,2026-10-27,44500,30,0.05,1441,1,1,1,BANKNIFTY26OCT44500CE,0
